domain,class
above,1
action,1
advance,1
afraid,1
against,1
airplane,1
almost,1
alone,1
already,1
although,1
always,1
amount,1
anger,1
angry,1
animal,1
another,1
answer,1
appear,1
apple,1
around,1
arrive,1
article,1
attempt,1
banker,1
basket,1
battle,1
beauty,1
became,1
because,1
become,1
before,1
begin,1
behind,1
being,1
believe,1
belong,1
beside,1
better,1
between,1
beyond,1
bicycle,1
board,1
borrow,1
bottle,1
bottom,1
branch,1
bread,1
bridge,1
bright,1
bring,1
broad,1
broken,1
brought,1
brown,1
building,1
built,1
business,1
butter,1
captain,1
carry,1
catch,1
caught,1
century,1
chair,1
chance,1
character,1
charge,1
chief,1
childhood,1
children,1
choose,1
cigarette,1
circle,1
class,1
clean,1
clear,1
close,1
clothes,1
college,1
company,1
complete,1
condition,1
consider,1
contain,1
continue,1
control,1
corner,1
country,1
course,1
cover,1
crowd,1
daughter,1
decide,1
degree,1
delight,1
demand,1
desire,1
destroy,1
device,1
difference,1
different,1
difficult,1
dinner,1
direct,1
discover,1
distance,1
distant,1
divide,1
doctor,1
dollar,1
double,1
doubt,1
dress,1
dried,1
during,1
early,1
eearly,1
effort,1
either,1
electric,1
electricity,1
english,1
enough,1
enter,1
escape,1
evening,1
every,1
except,1
expect,1
experience,1
explain,1
family,1
famous,1
fancy,1
father,1
fellow,1
fence,1
fifteen,1
fight,1
figure,1
finger,1
finish,1
flier,1
flower,1
follow,1
foreign,1
forest,1
forever,1
forget,1
fortieth,1
forward,1
found,1
fresh,1
friend,1
further,1
future,1
garden,1
gather,1
general,1
gentle,1
gentleman,1
glass,1
glossary,1
goodbye,1
govern,1
guard,1
happen,1
health,1
heard,1
heart,1
heaven,1
heavy,1
history,1
honor,1
however,1
hunger,1
husband,1
include,1
increase,1
indeed,1
industry,1
inside,1
instead,1
journey,1
kitchen,1
known,1
labor,1
ladder,1
language,1
large,1
laugh,1
laughter,1
leader,1
leave,1
length,1
letter,1
likely,1
listen,1
little,1
machine,1
manner,1
market,1
master,1
material,1
matter,1
mayor,1
measure,1
meeting,1
member,1
method,1
middle,1
might,1
million,1
minute,1
mister,1
modern,1
morning,1
mother,1
mountain,1
movement,1
nation,1
nature,1
nearly,1
necessary,1
needle,1
neighbor,1
neither,1
niece,1
night,1
north,1
nothing,1
notice,1
number,1
object,1
oclock,1
office,1
often,1
opinion,1
order,1
orderly,1
outside,1
paint,1
partial,1
party,1
people,1
perfect,1
perhaps,1
period,1
person,1
picture,1
pleasant,1
please,1
pleasure,1
position,1
possible,1
power,1
prepare,1
present,1
president,1
pretty,1
probable,1
probably,1
problem,1
produce,1
promise,1
proud,1
public,1
quarter,1
question,1
quiet,1
rather,1
ready,1
realize,1
reason,1
receive,1
record,1
remember,1
report,1
require,1
result,1
return,1
ridden,1
right,1
river,1
round,1
safety,1
school,1
season,1
separate,1
service,1
settle,1
severa,1
several,1
shake,1
share,1
shore,1
short,1
should,1
shoulder,1
shout,1
silver,1
simple,1
single,1
sister,1
smell,1
smoke,1
soldier,1
space,1
speak,1
special,1
spent,1
spread,1
spring,1
square,1
station,1
still,1
store,1
storm,1
straight,1
strange,1
stranger,1
stream,1
street,1
strength,1
strike,1
strong,1
student,1
subject,1
succeed,1
success,1
sudden,1
suffer,1
summer,1
supply,1
suppose,1
surprise,1
sweet,1
system,1
therefore,1
thick,1
think,1
third,1
those,1
though,1
thought,1
through,1
thrown,1
together,1
toward,1
trade,1
train,1
training,1
travel,1
trouble,1
trust,1
twelve,1
twenty,1
understand,1
understood,1
until,1
valley,1
value,1
various,1
wagon,1
water,1
weather,1
welcome,1
wheat,1
whether,1
while,1
white,1
whose,1
window,1
winter,1
within,1
without,1
woman,1
women,1
wonder,1
worth,1
would,1
write,1
written,1
yellow,1
